Timing,Action,Notes,Responsible Person
Before,Set date,"In discussion with head coach and chair. Confirm pricing for entry, and communicate with club via Swim Manager",[Competition Secretary](competition-secretary.qmd)
Before,Apply for licence,,[Competition Secretary](competition-secretary.qmd)
Before,Confirm Lead Referee,,[Chair](chair.qmd)
Before,Book pool and studio,And share layout plan with them,[Competition Secretary](competition-secretary.qmd)
Before,Perform risk assessment,Complete and share,[SwimMark Coordinator](swimmark-coordinator.qmd)
Before,Organise timing team,Confirm when to arrive,[Membership Secretary](membership-secretary.qmd)
Before,Create schedule of events,Share with attending clubs,[Membership Secretary](membership-secretary.qmd)
Before,Create and print signage,,[Competition Secretary](competition-secretary.qmd)
Before,Set up gala in Swim Manager,,[Competition Secretary](competition-secretary.qmd)
Before,Manage entries,,[Membership Secretary](membership-secretary.qmd)
Before,Manage rejections,,[Membership Secretary](membership-secretary.qmd)
Before,Confirm clubs attending,,[Competition Secretary](competition-secretary.qmd)
Before,Set up and print disqualification sheets,,[Membership Secretary](membership-secretary.qmd)
After ,Send results to British Rankings,,[Membership Secretary](membership-secretary.qmd)
After ,Set up/take down PA system and test,,[Fundraising Coordinator](fundraising-coordinator.qmd)
Before,Ensure medals supply,"Check we have enough of each type, order more if necessary",[Chairperson](chair.qmd)
During,Set up venue,"Seats, tables, signage, flag, medals table",[Lead Organiser](gala_roles.qmd)
Before,Identify Officials,"Disqualification judges, start officials, turn and stroke judges, starters",[Parent Representative (upper squad)](parent-representative.qmd)
Before,Complete expenses forms,Use Google form,[Parent Representative (upper squad)](parent-representative.qmd)
Before,Decide and puchase judges gifts,Usually wine or chocolates,[Parent Representative (upper squad)](parent-representative.qmd)
Before,Confirm judges dietary requirements,gf/v/d,[Parent Representative (upper squad)](parent-representative.qmd)
Before,Order judges food and refreshments,,[Parent Representative (teaching squad)](parent-representative.qmd)
During,Collect judges food and plates etc,,[Parent Representative (teaching squad)](parent-representative.qmd)
After ,Tidy up,,[Lead Organiser](gala_roles.qmd)
