Role,show,Committee,Currently
[Chairperson](chair.qmd),yes,yes,Mark Oldfield
[Treasurer](treasurer.qmd),yes,yes,Andrew Duggan
[Secretary](secretary.qmd),yes,yes,Claire Welsh
[Vice Chair](vice-chair.qmd),yes,yes,Andrew Archibald
[Membership Secretary](membership-secretary.qmd),yes,yes,Andy Dennis
[Competition Secretary](competition-secretary.qmd),yes,yes,Louise Coats/Claire Welsh
[Coaches Representative](coach-representative.qmd),yes,yes,Joe Waugh
[SwimMark Coordinator](swimmark-coordinator.qmd),yes,yes,Clare Campbell
[Fundraising Coordinator](fundraising-coordinator.qmd),yes,yes,Adam Lambert
[Parent Representative (lower squad)](parent-representative.qmd),yes,yes,Amanda Lambert
[Parent Representative (upper squad)](parent-representative.qmd),yes,yes,Liesa Stephenson
[Welfare Officer](welfare-officer.qmd),yes,,Rachel Leadbetter
[Head Coach](head-coach.qmd),yes,yes,Katy Batley
Coach ,,,Jude Dennis
Coach ,,,Janet Hood
Coach ,,,Nancy Robinson
Coach ,,,Matt Kemp
Coach ,,,Brett Ellis
Coach ,,,Andrew Duggan
Coach ,,,Nicola Duggan
Coach ,,,Helen Waugh
Coach ,,,Joe Waugh
Coach ,,,Mike Samuels
Coach ,,,Helen McDonnell
Coach ,,,Ross Wilson
Coach ,,,Lisa Brown
